Gamer Type,Community,Competition,Excitement,Destruction,Completion,Power,Strategy,Challenge,Fantasy,Story,Discovery,Design
Acrobat,0.25,0.42,0.49,0.4,0.42,0.22,0.48,0.59,0.11,0.09,0.51,0.13
Gardener,0.43,0.42,0.31,0.23,0.52,0.37,0.1,0.31,0.2,0.23,0.13,0.37
Slayer,0.35,0.26,0.28,0.5,0.23,0.17,0.27,0.14,0.62,0.58,0.18,0.14
Skirmisher,0.71,0.78,0.62,0.78,0.27,0.66,0.37,0.39,0.3,0.12,0.37,0.37
Gladiator,0.76,0.76,0.75,0.69,0.78,0.74,0.68,0.79,0.61,0.62,0.66,0.63
Ninja,0.56,0.82,0.74,0.5,0.22,0.49,0.69,0.76,0.27,0.43,0.15,0.22
Bounty Hunter,0.24,0.28,0.61,0.75,0.45,0.61,0.28,0.31,0.7,0.63,0.61,0.62
Architect,0.2,0.23,0.15,0.23,0.59,0.52,0.63,0.35,0.59,0.59,0.51,0.51
Bard,0.68,0.37,0.35,0.34,0.26,0.18,0.52,0.32,0.67,0.62,0.66,0.69
